tiempo_s,ph,temp_ph_C,od_mgL,temp_od_C,temp_prom_C,evento
1409.6,5.71999979019165,20.0,8.902349472045898,20.829999923706055,20.414999961853027,
1411.6,5.71999979019165,20.0,8.903668403625488,20.829999923706055,20.414999961853027,
1413.6,5.71999979019165,20.0,8.90383243560791,20.829999923706055,20.414999961853027,
1415.6,5.710000038146973,20.0,8.90436840057373,20.829999923706055,20.414999961853027,
1417.6,5.710000038146973,20.0,8.905716896057129,20.829999923706055,20.414999961853027,
1419.6,5.710000038146973,20.0,8.910916328430176,20.829999923706055,20.414999961853027,
1421.6,5.710000038146973,20.0,8.913663864135742,20.829999923706055,20.414999961853027,
1423.6,5.710000038146973,20.0,8.915902137756348,20.829999923706055,20.414999961853027,
1425.6,5.710000038146973,20.0,8.917438507080078,20.829999923706055,20.414999961853027,
1427.6,5.710000038146973,20.0,8.91789436340332,20.829999923706055,20.414999961853027,
1429.6,5.71999979019165,20.0,8.917486190795898,20.829999923706055,20.414999961853027,
1431.6,5.71999979019165,20.0,8.916975021362305,20.829999923706055,20.414999961853027,
1433.6,5.71999979019165,20.0,8.916749954223633,20.829999923706055,20.414999961853027,
1435.6,5.71999979019165,20.0,8.916961669921875,20.829999923706055,20.414999961853027,
1437.6,5.71999979019165,20.0,8.918261528015137,20.829999923706055,20.414999961853027,
1439.6,5.71999979019165,20.0,8.918891906738281,20.829999923706055,20.414999961853027,
1441.6,5.71999979019165,20.0,8.919034004211426,20.829999923706055,20.414999961853027,
1443.6,5.71999979019165,20.0,8.918614387512207,20.829999923706055,20.414999961853027,
1445.6,5.71999979019165,20.0,8.916376113891602,20.829999923706055,20.414999961853027,
1447.6,5.730000019073486,20.0,8.915522575378418,20.829999923706055,20.414999961853027,
1449.6,5.730000019073486,20.0,8.915082931518555,20.829999923706055,20.414999961853027,
1451.6,5.739999771118164,20.0,8.91505241394043,20.829999923706055,20.414999961853027,
1453.6,5.739999771118164,20.0,8.916051864624023,20.829999923706055,20.414999961853027,
1455.6,5.739999771118164,20.0,8.916999816894531,20.829999923706055,20.414999961853027,
1457.6,5.739999771118164,20.0,8.917694091796875,20.829999923706055,20.414999961853027,
1459.6,5.739999771118164,20.0,8.918065071105957,20.829999923706055,20.414999961853027,
1461.6,5.739999771118164,20.0,8.917940139770508,20.829999923706055,20.414999961853027,
1463.6,5.739999771118164,20.0,8.916881561279297,20.829999923706055,20.414999961853027,
1465.6,5.730000019073486,20.0,8.916234016418457,20.829999923706055,20.414999961853027,
1467.6,5.730000019073486,20.0,8.915709495544434,20.829999923706055,20.414999961853027,
1469.6,5.730000019073486,20.0,8.915305137634277,20.829999923706055,20.414999961853027,
1471.6,5.730000019073486,20.0,8.914178848266602,20.829999923706055,20.414999961853027,
1473.6,5.730000019073486,20.0,8.912800788879395,20.829999923706055,20.414999961853027,
1475.6,5.730000019073486,20.0,8.910749435424805,20.829999923706055,20.414999961853027,
1477.6,5.730000019073486,20.0,8.907665252685547,20.829999923706055,20.414999961853027,
1479.6,5.730000019073486,20.0,8.90097713470459,20.829999923706055,20.414999961853027,
1481.6,5.730000019073486,20.0,8.897948265075684,20.829999923706055,20.414999961853027,
1483.6,5.730000019073486,20.0,8.895796775817871,20.829999923706055,20.414999961853027,
1485.6,5.730000019073486,20.0,8.894410133361816,20.829999923706055,20.414999961853027,
1487.6,5.739999771118164,20.0,8.893891334533691,20.829999923706055,20.414999961853027,
1489.6,5.730000019073486,20.0,8.893929481506348,20.829999923706055,20.414999961853027,
1491.6,5.730000019073486,20.0,8.893929481506348,20.829999923706055,20.414999961853027,
1493.6,5.730000019073486,20.0,8.893357276916504,20.829999923706055,20.414999961853027,
1495.6,5.730000019073486,20.0,8.89219856262207,20.829999923706055,20.414999961853027,
1497.6,5.730000019073486,20.0,8.889543533325195,20.829999923706055,20.414999961853027,
1499.6,5.730000019073486,20.0,8.888566970825195,20.829999923706055,20.414999961853027,
1501.6,5.75,20.0,8.888106346130371,20.829999923706055,20.414999961853027,
1503.6,5.769999980926514,20.0,8.887858390808105,20.829999923706055,20.414999961853027,
1505.6,5.769999980926514,20.0,8.887890815734863,20.829999923706055,20.414999961853027,
1507.6,5.760000228881836,20.0,8.887972831726074,20.829999923706055,20.414999961853027,
1509.6,5.739999771118164,20.0,8.88867473602295,20.829999923706055,20.414999961853027,
1511.6,5.739999771118164,20.0,8.889902114868164,20.829999923706055,20.414999961853027,
1513.6,5.730000019073486,20.0,8.891433715820312,20.829999923706055,20.414999961853027,
1515.6,5.730000019073486,20.0,8.895586013793945,20.829999923706055,20.414999961853027,
1517.6,5.71999979019165,20.0,8.897662162780762,20.829999923706055,20.414999961853027,
1519.6,5.730000019073486,20.0,8.899737358093262,20.829999923706055,20.414999961853027,
1521.6,5.730000019073486,20.0,8.901331901550293,20.829999923706055,20.414999961853027,
1523.6,5.739999771118164,20.0,8.902498245239258,20.829999923706055,20.414999961853027,
1525.6,5.739999771118164,20.0,8.902185440063477,20.829999923706055,20.414999961853027,
1527.6,5.75,20.0,8.901947975158691,20.829999923706055,20.414999961853027,
1529.6,5.760000228881836,20.0,8.901808738708496,20.829999923706055,20.414999961853027,
1531.6,5.75,20.0,8.902162551879883,20.829999923706055,20.414999961853027,
1533.6,5.75,20.0,8.90284252166748,20.829999923706055,20.414999961853027,
1535.6,5.739999771118164,20.0,8.903846740722656,20.829999923706055,20.414999961853027,
1537.6,5.739999771118164,20.0,8.904265403747559,20.84000015258789,20.420000076293945,
1539.6,5.730000019073486,20.0,8.904610633850098,20.84000015258789,20.420000076293945,
1541.6,5.71999979019165,20.0,8.90474796295166,20.84000015258789,20.420000076293945,
1543.6,5.71999979019165,20.0,8.904523849487305,20.84000015258789,20.420000076293945,
1545.6,5.71999979019165,20.0,8.904064178466797,20.84000015258789,20.420000076293945,
1547.6,5.71999979019165,20.0,8.903555870056152,20.84000015258789,20.420000076293945,
1549.6,5.710000038146973,20.0,8.904260635375977,20.84000015258789,20.420000076293945,
1551.6,5.699999809265137,20.0,8.904922485351562,20.84000015258789,20.420000076293945,
1553.6,5.690000057220459,20.0,8.905726432800293,20.84000015258789,20.420000076293945,
1555.6,5.679999828338623,20.0,8.906495094299316,20.84000015258789,20.420000076293945,
1557.6,5.670000076293945,20.0,8.908002853393555,20.84000015258789,20.420000076293945,
1559.6,5.670000076293945,20.0,8.908699035644531,20.84000015258789,20.420000076293945,
1561.6,5.659999847412109,20.0,8.90967082977295,20.84000015258789,20.420000076293945,
1563.6,5.659999847412109,20.0,8.910898208618164,20.84000015258789,20.420000076293945,
1565.6,5.659999847412109,20.0,8.912205696105957,20.84000015258789,20.420000076293945,
1567.6,5.659999847412109,20.0,8.914839744567871,20.84000015258789,20.420000076293945,
1569.6,5.659999847412109,20.0,8.916072845458984,20.84000015258789,20.420000076293945,
1571.6,5.659999847412109,20.0,8.916935920715332,20.84000015258789,20.420000076293945,
1573.6,5.659999847412109,20.0,8.9173583984375,20.84000015258789,20.420000076293945,
1575.6,5.670000076293945,20.0,8.917561531066895,20.84000015258789,20.420000076293945,
1577.6,5.679999828338623,20.0,8.91811466217041,20.84000015258789,20.420000076293945,
1579.6,5.699999809265137,20.0,8.91915225982666,20.84000015258789,20.420000076293945,
1581.6,5.730000019073486,20.0,8.92087459564209,20.84000015258789,20.420000076293945,
1583.6,5.75,20.0,8.92618465423584,20.84000015258789,20.420000076293945,
1585.6,5.760000228881836,20.0,8.928339004516602,20.84000015258789,20.420000076293945,
1587.6,7.71999979019165,20.0,8.929842948913574,20.84000015258789,20.420000076293945,
1589.6,7.800000190734863,20.100000381469727,8.930692672729492,20.84000015258789,20.47000026702881,
1591.6,7.889999866485596,20.100000381469727,8.931075096130371,20.84000015258789,20.47000026702881,
1593.6,7.199999809265137,20.100000381469727,8.930291175842285,20.84000015258789,20.47000026702881,
1595.6,7.190000057220459,20.200000762939453,8.929844856262207,20.84000015258789,20.520000457763672,
1597.6,7.179999828338623,20.200000762939453,8.930808067321777,20.84000015258789,20.520000457763672,
1599.6,7.179999828338623,20.100000381469727,8.932536125183105,20.84000015258789,20.47000026702881,
1601.6,6.679999828338623,20.100000381469727,8.938019752502441,20.829999923706055,20.46500015258789,
1603.6,7.090000152587891,20.100000381469727,8.940424919128418,20.829999923706055,20.46500015258789,
1605.6,7.019999980926514,20.100000381469727,8.943008422851562,20.829999923706055,20.46500015258789,
1607.6,6.96999979019165,20.100000381469727,8.945074081420898,20.829999923706055,20.46500015258789,
1609.6,6.960000038146973,20.100000381469727,8.948603630065918,20.829999923706055,20.46500015258789,
1611.6,6.880000114440918,20.0,8.95091724395752,20.81999969482422,20.40999984741211,
1613.6,6.809999942779541,20.0,8.953570365905762,20.81999969482422,20.40999984741211,
1615.6,6.769999980926514,20.0,8.957137107849121,20.809999465942383,20.40499973297119,
1617.6,6.760000228881836,20.0,8.961511611938477,20.809999465942383,20.40499973297119,
1619.6,7.5,20.0,8.970505714416504,20.799999237060547,20.399999618530273,
1621.6,6.96999979019165,19.899999618530273,8.974776268005371,20.790000915527344,20.34500026702881,
1623.6,6.980000019073486,19.799999237060547,8.978344917297363,20.780000686645508,20.289999961853027,
1625.6,6.96999979019165,19.799999237060547,8.982122421264648,20.770000457763672,20.28499984741211,
1627.6,6.96999979019165,19.700000762939453,8.988932609558105,20.760000228881836,20.230000495910645,
1629.6,6.940000057220459,19.700000762939453,8.992384910583496,20.75,20.225000381469727,
1631.6,6.900000095367432,19.700000762939453,8.996356964111328,20.739999771118164,20.22000026702881,
1633.6,6.860000133514404,19.700000762939453,9.00033187866211,20.729999542236328,20.21500015258789,
1635.6,6.809999942779541,19.700000762939453,9.005352973937988,20.719999313354492,20.210000038146973,
1637.6,6.760000228881836,19.600000381469727,9.007214546203613,20.709999084472656,20.15499973297119,
1639.6,6.730000019073486,19.600000381469727,9.007859230041504,20.709999084472656,20.15499973297119,
1641.6,6.71999979019165,19.600000381469727,9.008430480957031,20.700000762939453,20.15000057220459,
1643.6,6.710000038146973,19.600000381469727,9.008909225463867,20.690000534057617,20.145000457763672,
1645.6,6.710000038146973,19.600000381469727,9.009917259216309,20.68000030517578,20.140000343322754,
1647.6,6.699999809265137,19.5,9.011029243469238,20.68000030517578,20.09000015258789,
1649.6,6.670000076293945,19.5,9.012510299682617,20.670000076293945,20.085000038146973,
1651.6,6.650000095367432,19.5,9.014342308044434,20.65999984741211,20.079999923706055,
1653.6,6.630000114440918,19.5,9.015771865844727,20.649999618530273,20.074999809265137,
1655.6,6.630000114440918,19.5,9.015836715698242,20.649999618530273,20.074999809265137,
1657.6,6.619999885559082,19.5,9.01508903503418,20.649999618530273,20.074999809265137,
1659.6,6.590000152587891,19.5,9.014568328857422,20.639999389648438,20.06999969482422,
1661.6,6.590000152587891,19.5,9.012853622436523,20.6299991607666,20.0649995803833,
1663.6,6.599999904632568,19.5,9.01270866394043,20.6299991607666,20.0649995803833,
1665.6,6.710000038146973,19.5,9.012660026550293,20.6299991607666,20.0649995803833,
1667.6,6.75,19.5,9.01313304901123,20.6200008392334,20.0600004196167,
1669.6,6.840000152587891,19.5,9.0134916305542,20.6200008392334,20.0600004196167,
1671.6,6.940000057220459,19.5,9.013938903808594,20.610000610351562,20.05500030517578,
1673.6,6.809999942779541,19.5,9.01387882232666,20.610000610351562,20.05500030517578,
1675.6,6.739999771118164,19.399999618530273,9.013907432556152,20.610000610351562,20.005000114440918,
1677.6,6.710000038146973,19.399999618530273,9.0142822265625,20.600000381469727,20.0,
1679.6,6.690000057220459,19.399999618530273,9.015625,20.600000381469727,20.0,
1681.6,6.619999885559082,19.299999237060547,9.016694068908691,20.600000381469727,19.949999809265137,
1683.6,6.579999923706055,19.299999237060547,9.01760196685791,20.59000015258789,19.94499969482422,
1685.6,6.570000171661377,19.299999237060547,9.018397331237793,20.59000015258789,19.94499969482422,
1687.6,6.539999961853027,19.299999237060547,9.018758773803711,20.59000015258789,19.94499969482422,
1689.6,6.519999980926514,19.299999237060547,9.018678665161133,20.59000015258789,19.94499969482422,
1691.6,6.510000228881836,19.299999237060547,9.019291877746582,20.579999923706055,19.9399995803833,
1693.6,6.5,19.200000762939453,9.020334243774414,20.579999923706055,19.890000343322754,
1695.6,6.5,19.200000762939453,9.021262168884277,20.579999923706055,19.890000343322754,
1697.6,6.489999771118164,19.200000762939453,9.024596214294434,20.579999923706055,19.890000343322754,
1699.6,6.5,19.200000762939453,9.026265144348145,20.579999923706055,19.890000343322754,
1701.6,6.489999771118164,19.200000762939453,9.028264999389648,20.56999969482422,19.885000228881836,
1703.6,6.480000019073486,19.200000762939453,9.029413223266602,20.56999969482422,19.885000228881836,
1705.6,6.480000019073486,19.200000762939453,9.03060245513916,20.56999969482422,19.885000228881836,
1707.6,6.480000019073486,19.200000762939453,9.030845642089844,20.56999969482422,19.885000228881836,
1709.6,6.5,19.200000762939453,9.031193733215332,20.56999969482422,19.885000228881836,
1711.6,6.510000228881836,19.200000762939453,9.031736373901367,20.56999969482422,19.885000228881836,
1713.6,6.480000019073486,19.200000762939453,9.033376693725586,20.559999465942383,19.880000114440918,
1715.6,6.449999809265137,19.200000762939453,9.034211158752441,20.559999465942383,19.880000114440918,
1717.6,6.429999828338623,19.200000762939453,9.034902572631836,20.559999465942383,19.880000114440918,
1719.6,6.400000095367432,19.200000762939453,9.03537654876709,20.559999465942383,19.880000114440918,
1721.6,6.409999847412109,19.200000762939453,9.035538673400879,20.559999465942383,19.880000114440918,
1723.6,6.420000076293945,19.100000381469727,9.035149574279785,20.559999465942383,19.829999923706055,
1725.6,6.449999809265137,19.100000381469727,9.0349760055542,20.549999237060547,19.824999809265137,
1727.6,6.46999979019165,19.100000381469727,9.034980773925781,20.549999237060547,19.824999809265137,
1729.6,6.480000019073486,19.100000381469727,9.035117149353027,20.549999237060547,19.824999809265137,
1731.6,6.46999979019165,19.100000381469727,9.03553581237793,20.549999237060547,19.824999809265137,
1733.6,6.480000019073486,19.100000381469727,9.035348892211914,20.549999237060547,19.824999809265137,
1735.6,6.5,19.100000381469727,9.034993171691895,20.549999237060547,19.824999809265137,
1737.6,6.5,19.100000381469727,9.034204483032227,20.549999237060547,19.824999809265137,
1739.6,6.5,19.100000381469727,9.033326148986816,20.549999237060547,19.824999809265137,
1741.6,6.5,19.100000381469727,9.033327102661133,20.549999237060547,19.824999809265137,
1743.6,6.5,19.100000381469727,9.033509254455566,20.549999237060547,19.824999809265137,
1745.6,6.5,19.100000381469727,9.034123420715332,20.549999237060547,19.824999809265137,
1747.6,6.510000228881836,19.100000381469727,9.035465240478516,20.540000915527344,19.820000648498535,
1749.6,6.519999980926514,19.100000381469727,9.037015914916992,20.540000915527344,19.820000648498535,
1751.6,6.510000228881836,19.100000381469727,9.03706169128418,20.540000915527344,19.820000648498535,
1753.6,6.5,19.100000381469727,9.03690242767334,20.540000915527344,19.820000648498535,
1755.6,6.489999771118164,19.100000381469727,9.036901473999023,20.540000915527344,19.820000648498535,
1757.6,6.460000038146973,19.100000381469727,9.036850929260254,20.540000915527344,19.820000648498535,
1759.6,6.429999828338623,19.100000381469727,9.037028312683105,20.540000915527344,19.820000648498535,
1761.6,6.409999847412109,19.100000381469727,9.037659645080566,20.540000915527344,19.820000648498535,
1763.6,6.400000095367432,19.0,9.038618087768555,20.540000915527344,19.770000457763672,
1765.6,6.389999866485596,19.0,9.040242195129395,20.540000915527344,19.770000457763672,
1767.6,6.400000095367432,19.0,9.040861129760742,20.540000915527344,19.770000457763672,
1769.6,6.420000076293945,19.0,9.041231155395508,20.540000915527344,19.770000457763672,
1771.6,6.449999809265137,19.0,9.04142951965332,20.540000915527344,19.770000457763672,
1773.6,6.460000038146973,19.0,9.04140567779541,20.540000915527344,19.770000457763672,
1775.6,6.46999979019165,19.0,9.04101276397705,20.540000915527344,19.770000457763672,
1777.6,6.480000019073486,19.0,9.040816307067871,20.540000915527344,19.770000457763672,
1779.6,6.489999771118164,19.0,9.04112434387207,20.530000686645508,19.765000343322754,
1781.6,6.5,19.0,9.040924072265625,20.530000686645508,19.765000343322754,
1783.6,6.510000228881836,19.0,9.038579940795898,20.530000686645508,19.765000343322754,
1785.6,6.510000228881836,19.0,9.036359786987305,20.530000686645508,19.765000343322754,
1787.6,6.519999980926514,19.0,9.03377628326416,20.530000686645508,19.765000343322754,
1789.6,6.519999980926514,19.0,9.03117847442627,20.530000686645508,19.765000343322754,
1791.6,6.53000020980835,19.0,9.025355339050293,20.530000686645508,19.765000343322754,
1793.6,6.53000020980835,19.0,9.0233154296875,20.530000686645508,19.765000343322754,
1795.6,6.53000020980835,19.0,9.022294998168945,20.530000686645508,19.765000343322754,
1797.6,6.53000020980835,19.0,9.021015167236328,20.530000686645508,19.765000343322754,
1799.6,6.539999961853027,19.0,9.019147872924805,20.530000686645508,19.765000343322754,
1801.6,6.539999961853027,19.0,9.015375137329102,20.530000686645508,19.765000343322754,
1803.6,6.539999961853027,19.0,9.013794898986816,20.530000686645508,19.765000343322754,
1805.6,6.539999961853027,19.0,9.012535095214844,20.530000686645508,19.765000343322754,
1807.6,6.539999961853027,19.0,9.011983871459961,20.530000686645508,19.765000343322754,
1809.6,6.519999980926514,19.0,9.014286994934082,20.530000686645508,19.765000343322754,
1811.6,6.519999980926514,19.0,9.016764640808105,20.530000686645508,19.765000343322754,
1813.6,6.53000020980835,19.0,9.01910400390625,20.530000686645508,19.765000343322754,
1815.6,6.539999961853027,19.0,9.021242141723633,20.530000686645508,19.765000343322754,
1817.6,6.539999961853027,19.0,9.024415969848633,20.530000686645508,19.765000343322754,
1819.6,6.539999961853027,19.0,9.026090621948242,20.530000686645508,19.765000343322754,
1821.6,6.539999961853027,19.0,9.028105735778809,20.530000686645508,19.765000343322754,
1823.6,6.550000190734863,19.0,9.030363082885742,20.530000686645508,19.765000343322754,
1825.6,6.550000190734863,19.0,9.032851219177246,20.530000686645508,19.765000343322754,
1827.6,6.550000190734863,19.0,9.03847599029541,20.530000686645508,19.765000343322754,
1829.6,6.559999942779541,19.0,9.040972709655762,20.530000686645508,19.765000343322754,
1831.6,6.559999942779541,18.899999618530273,9.042810440063477,20.530000686645508,19.71500015258789,
1833.6,6.559999942779541,18.899999618530273,9.043807029724121,20.530000686645508,19.71500015258789,
1835.6,6.559999942779541,18.899999618530273,9.044157981872559,20.530000686645508,19.71500015258789,
1837.6,6.559999942779541,18.899999618530273,9.043902397155762,20.530000686645508,19.71500015258789,
1839.6,6.559999942779541,18.899999618530273,9.043437004089355,20.530000686645508,19.71500015258789,
1841.6,6.559999942779541,18.899999618530273,9.043108940124512,20.530000686645508,19.71500015258789,
1843.6,6.570000171661377,18.899999618530273,9.042840957641602,20.530000686645508,19.71500015258789,
1845.6,6.570000171661377,18.899999618530273,9.042452812194824,20.530000686645508,19.71500015258789,
1847.6,6.570000171661377,18.899999618530273,9.042113304138184,20.530000686645508,19.71500015258789,
1849.6,6.579999923706055,18.899999618530273,9.041810035705566,20.530000686645508,19.71500015258789,
1851.6,6.579999923706055,18.899999618530273,9.041863441467285,20.530000686645508,19.71500015258789,
1853.6,6.579999923706055,18.899999618530273,9.042211532592773,20.530000686645508,19.71500015258789,
1855.6,6.590000152587891,18.899999618530273,9.042353630065918,20.530000686645508,19.71500015258789,
1857.6,6.590000152587891,18.899999618530273,9.043233871459961,20.520000457763672,19.710000038146973,
1859.6,6.590000152587891,18.899999618530273,9.043607711791992,20.530000686645508,19.71500015258789,
1861.6,6.599999904632568,18.899999618530273,9.043639183044434,20.530000686645508,19.71500015258789,
1863.6,6.599999904632568,18.899999618530273,9.04270076751709,20.530000686645508,19.71500015258789,
1865.6,6.590000152587891,18.899999618530273,9.041598320007324,20.530000686645508,19.71500015258789,
1867.6,6.579999923706055,18.899999618530273,9.040730476379395,20.520000457763672,19.710000038146973,
1869.6,6.570000171661377,18.899999618530273,9.038073539733887,20.520000457763672,19.710000038146973,
1871.6,6.559999942779541,18.899999618530273,9.036931991577148,20.520000457763672,19.710000038146973,
1873.6,6.550000190734863,18.899999618530273,9.036330223083496,20.520000457763672,19.710000038146973,
1875.6,6.539999961853027,18.899999618530273,9.036178588867188,20.520000457763672,19.710000038146973,
1877.6,6.539999961853027,18.899999618530273,9.036240577697754,20.520000457763672,19.710000038146973,
1879.6,6.550000190734863,18.899999618530273,9.034969329833984,20.520000457763672,19.710000038146973,
1881.6,6.550000190734863,18.899999618530273,9.034210205078125,20.520000457763672,19.710000038146973,
1883.6,6.559999942779541,18.899999618530273,9.033221244812012,20.520000457763672,19.710000038146973,
1885.6,6.570000171661377,18.899999618530273,9.031770706176758,20.520000457763672,19.710000038146973,
1887.6,6.570000171661377,18.899999618530273,9.028905868530273,20.520000457763672,19.710000038146973,
1889.6,6.570000171661377,18.899999618530273,9.028555870056152,20.520000457763672,19.710000038146973,
1891.6,6.570000171661377,18.899999618530273,9.029104232788086,20.520000457763672,19.710000038146973,
1893.6,6.570000171661377,18.899999618530273,9.030138969421387,20.520000457763672,19.710000038146973,
1895.6,6.570000171661377,18.899999618530273,9.033053398132324,20.520000457763672,19.710000038146973,
1897.6,6.570000171661377,18.899999618530273,9.03490924835205,20.520000457763672,19.710000038146973,
1899.6,6.570000171661377,18.899999618530273,9.036467552185059,20.520000457763672,19.710000038146973,
1901.6,6.570000171661377,18.899999618530273,9.037920951843262,20.520000457763672,19.710000038146973,
1903.6,6.570000171661377,18.899999618530273,9.0394868850708,20.520000457763672,19.710000038146973,
1905.6,6.579999923706055,18.899999618530273,9.04370403289795,20.520000457763672,19.710000038146973,
1907.6,6.590000152587891,18.899999618530273,9.046080589294434,20.520000457763672,19.710000038146973,
1909.6,6.670000076293945,18.899999618530273,9.048457145690918,20.520000457763672,19.710000038146973,
1911.6,6.690000057220459,18.899999618530273,9.050479888916016,20.520000457763672,19.710000038146973,
1913.6,6.679999828338623,18.799999237060547,9.053071975708008,20.520000457763672,19.65999984741211,
1915.6,6.610000133514404,18.799999237060547,9.053126335144043,20.520000457763672,19.65999984741211,
1917.6,6.519999980926514,18.799999237060547,9.052565574645996,20.520000457763672,19.65999984741211,
1919.6,6.46999979019165,18.799999237060547,9.051886558532715,20.520000457763672,19.65999984741211,
1921.6,6.440000057220459,18.799999237060547,9.05102252960205,20.520000457763672,19.65999984741211,
1923.6,6.429999828338623,18.799999237060547,9.050884246826172,20.520000457763672,19.65999984741211,
1925.6,6.889999866485596,18.799999237060547,9.050808906555176,20.520000457763672,19.65999984741211,
1927.6,6.889999866485596,18.799999237060547,9.050918579101562,20.520000457763672,19.65999984741211,
1929.6,6.900000095367432,18.899999618530273,9.051233291625977,20.520000457763672,19.710000038146973,
1931.6,6.900000095367432,18.899999618530273,9.05156135559082,20.520000457763672,19.710000038146973,
1933.6,6.900000095367432,18.899999618530273,9.051663398742676,20.520000457763672,19.710000038146973,
1935.6,6.900000095367432,18.899999618530273,9.051742553710938,20.520000457763672,19.710000038146973,
1937.6,6.900000095367432,18.899999618530273,9.051980972290039,20.520000457763672,19.710000038146973,
1939.6,6.909999847412109,18.899999618530273,9.052924156188965,20.520000457763672,19.710000038146973,
1941.6,6.909999847412109,18.899999618530273,9.053631782531738,20.520000457763672,19.710000038146973,
1943.6,6.909999847412109,18.899999618530273,9.054368019104004,20.520000457763672,19.710000038146973,
1945.6,6.909999847412109,18.899999618530273,9.054972648620605,20.520000457763672,19.710000038146973,
1947.6,6.920000076293945,18.899999618530273,9.055234909057617,20.520000457763672,19.710000038146973,
1949.6,6.920000076293945,18.899999618530273,9.054975509643555,20.520000457763672,19.710000038146973,
1951.6,6.920000076293945,18.899999618530273,9.054719924926758,20.520000457763672,19.710000038146973,
1953.6,6.929999828338623,18.899999618530273,9.05463695526123,20.520000457763672,19.710000038146973,
1955.6,6.929999828338623,18.799999237060547,9.05455493927002,20.520000457763672,19.65999984741211,
1957.6,6.940000057220459,18.799999237060547,9.054718017578125,20.520000457763672,19.65999984741211,
1959.6,6.940000057220459,18.799999237060547,9.055018424987793,20.520000457763672,19.65999984741211,
1961.6,6.940000057220459,18.799999237060547,9.055394172668457,20.520000457763672,19.65999984741211,
1963.6,6.940000057220459,18.799999237060547,9.055617332458496,20.520000457763672,19.65999984741211,
1965.6,6.940000057220459,18.799999237060547,9.055670738220215,20.520000457763672,19.65999984741211,
1967.6,6.940000057220459,18.799999237060547,9.05552864074707,20.520000457763672,19.65999984741211,
1969.6,6.940000057220459,18.799999237060547,9.05533504486084,20.520000457763672,19.65999984741211,
1971.6,6.940000057220459,18.799999237060547,9.055243492126465,20.520000457763672,19.65999984741211,
1973.6,6.940000057220459,18.799999237060547,9.055953025817871,20.520000457763672,19.65999984741211,
1975.6,6.940000057220459,18.799999237060547,9.055917739868164,20.520000457763672,19.65999984741211,
1977.6,6.940000057220459,18.799999237060547,9.056072235107422,20.520000457763672,19.65999984741211,
1979.6,6.940000057220459,18.799999237060547,9.056264877319336,20.520000457763672,19.65999984741211,
1981.6,6.489999771118164,18.799999237060547,9.056539535522461,20.520000457763672,19.65999984741211,
1983.6,6.489999771118164,18.799999237060547,9.056105613708496,20.520000457763672,19.65999984741211,
1985.6,6.400000095367432,18.799999237060547,9.05547046661377,20.520000457763672,19.65999984741211,
1987.6,6.289999961853027,18.799999237060547,9.05517864227295,20.520000457763672,19.65999984741211,
1989.6,6.420000076293945,18.799999237060547,9.054895401000977,20.520000457763672,19.65999984741211,
1991.6,6.489999771118164,18.799999237060547,9.053508758544922,20.520000457763672,19.65999984741211,
1993.6,6.539999961853027,18.799999237060547,9.05186653137207,20.520000457763672,19.65999984741211,
1995.6,6.559999942779541,18.799999237060547,9.049656867980957,20.520000457763672,19.65999984741211,
1997.6,6.570000171661377,18.799999237060547,9.046826362609863,20.520000457763672,19.65999984741211,
1999.6,6.579999923706055,18.799999237060547,9.040740013122559,20.520000457763672,19.65999984741211,
2001.6,6.579999923706055,18.799999237060547,9.037662506103516,20.520000457763672,19.65999984741211,
2003.6,6.570000171661377,18.799999237060547,9.035581588745117,20.520000457763672,19.65999984741211,
2005.6,6.559999942779541,18.799999237060547,9.034860610961914,20.520000457763672,19.65999984741211,
2007.6,6.539999961853027,18.799999237060547,9.035391807556152,20.520000457763672,19.65999984741211,
2009.6,7.039999961853027,18.799999237060547,9.038016319274902,20.520000457763672,19.65999984741211,
2011.6,7.039999961853027,18.799999237060547,9.039440155029297,20.520000457763672,19.65999984741211,
2013.6,7.050000190734863,18.799999237060547,9.041085243225098,20.520000457763672,19.65999984741211,
2015.6,7.059999942779541,18.799999237060547,9.042566299438477,20.520000457763672,19.65999984741211,
2017.6,7.070000171661377,18.799999237060547,9.044888496398926,20.520000457763672,19.65999984741211,
2019.6,7.090000152587891,18.799999237060547,9.046006202697754,20.520000457763672,19.65999984741211,
2021.6,7.119999885559082,18.799999237060547,9.047215461730957,20.520000457763672,19.65999984741211,
2023.6,7.139999866485596,18.799999237060547,9.049253463745117,20.510000228881836,19.65499973297119,
2025.6,7.170000076293945,18.799999237060547,9.052129745483398,20.510000228881836,19.65499973297119,
2027.6,7.190000057220459,18.799999237060547,9.052947998046875,20.510000228881836,19.65499973297119,
2029.6,7.199999809265137,18.899999618530273,9.05315113067627,20.510000228881836,19.704999923706055,
2031.6,7.210000038146973,18.899999618530273,9.053085327148438,20.510000228881836,19.704999923706055,
2033.6,7.210000038146973,18.899999618530273,9.052787780761719,20.510000228881836,19.704999923706055,
2035.6,7.210000038146973,18.899999618530273,9.050951957702637,20.510000228881836,19.704999923706055,
2037.6,7.210000038146973,18.899999618530273,9.0506010055542,20.510000228881836,19.704999923706055,
2039.6,7.210000038146973,18.899999618530273,9.050341606140137,20.510000228881836,19.704999923706055,
2041.6,7.210000038146973,18.899999618530273,9.049966812133789,20.510000228881836,19.704999923706055,
2043.6,7.21999979019165,18.899999618530273,9.049609184265137,20.510000228881836,19.704999923706055,
2045.6,7.21999979019165,18.899999618530273,9.049311637878418,20.510000228881836,19.704999923706055,
2047.6,7.21999979019165,18.899999618530273,9.048914909362793,20.510000228881836,19.704999923706055,
2049.6,7.21999979019165,18.899999618530273,9.048517227172852,20.510000228881836,19.704999923706055,
2051.6,7.21999979019165,18.899999618530273,9.048486709594727,20.510000228881836,19.704999923706055,
2053.6,7.21999979019165,18.899999618530273,9.048664093017578,20.510000228881836,19.704999923706055,
2055.6,7.21999979019165,18.899999618530273,9.048919677734375,20.510000228881836,19.704999923706055,
2057.6,7.21999979019165,18.899999618530273,9.049132347106934,20.510000228881836,19.704999923706055,
2059.6,7.230000019073486,18.899999618530273,9.049139022827148,20.510000228881836,19.704999923706055,
2061.6,7.230000019073486,18.899999618530273,9.048196792602539,20.510000228881836,19.704999923706055,
2063.6,7.230000019073486,18.899999618530273,9.047345161437988,20.510000228881836,19.704999923706055,
2065.6,7.230000019073486,18.899999618530273,9.0460844039917,20.510000228881836,19.704999923706055,
2067.6,7.230000019073486,18.899999618530273,9.044672012329102,20.510000228881836,19.704999923706055,
2069.6,7.230000019073486,18.899999618530273,9.042471885681152,20.510000228881836,19.704999923706055,
2071.6,7.230000019073486,18.899999618530273,9.041625022888184,20.510000228881836,19.704999923706055,
2073.6,7.230000019073486,18.899999618530273,9.04032039642334,20.510000228881836,19.704999923706055,
2075.6,7.230000019073486,18.899999618530273,9.038805961608887,20.510000228881836,19.704999923706055,
2077.6,7.230000019073486,18.899999618530273,9.036240577697754,20.510000228881836,19.704999923706055,
2079.6,7.230000019073486,18.899999618530273,9.03538990020752,20.510000228881836,19.704999923706055,
2081.6,7.230000019073486,18.899999618530273,9.035178184509277,20.510000228881836,19.704999923706055,
2083.6,7.230000019073486,18.899999618530273,9.035778999328613,20.510000228881836,19.704999923706055,
2085.6,7.239999771118164,18.899999618530273,9.03754997253418,20.510000228881836,19.704999923706055,
2087.6,7.239999771118164,18.899999618530273,9.044286727905273,20.510000228881836,19.704999923706055,
2089.6,7.239999771118164,18.899999618530273,9.047412872314453,20.510000228881836,19.704999923706055,
2091.6,7.239999771118164,18.899999618530273,9.049955368041992,20.510000228881836,19.704999923706055,
2093.6,7.239999771118164,18.899999618530273,9.051858901977539,20.510000228881836,19.704999923706055,
2095.6,7.239999771118164,18.899999618530273,9.054436683654785,20.510000228881836,19.704999923706055,
2097.6,7.239999771118164,18.899999618530273,9.055069923400879,20.510000228881836,19.704999923706055,
2099.6,7.239999771118164,18.899999618530273,9.055746078491211,20.510000228881836,19.704999923706055,
2101.6,7.239999771118164,18.899999618530273,9.056893348693848,20.510000228881836,19.704999923706055,
2103.6,7.239999771118164,18.899999618530273,9.060036659240723,20.510000228881836,19.704999923706055,
2105.6,7.239999771118164,18.899999618530273,9.061387062072754,20.510000228881836,19.704999923706055,
2107.6,7.239999771118164,18.899999618530273,9.06218147277832,20.510000228881836,19.704999923706055,
2109.6,7.239999771118164,18.899999618530273,9.062719345092773,20.510000228881836,19.704999923706055,
2111.6,7.239999771118164,18.899999618530273,9.062901496887207,20.510000228881836,19.704999923706055,
2113.6,7.239999771118164,18.899999618530273,9.063509941101074,20.510000228881836,19.704999923706055,
2115.6,7.239999771118164,18.899999618530273,9.064095497131348,20.510000228881836,19.704999923706055,
2117.6,7.239999771118164,18.899999618530273,9.064847946166992,20.510000228881836,19.704999923706055,
2119.6,7.239999771118164,18.899999618530273,9.065707206726074,20.510000228881836,19.704999923706055,
2121.6,7.239999771118164,18.899999618530273,9.06752872467041,20.510000228881836,19.704999923706055,
2123.6,7.239999771118164,18.899999618530273,9.068306922912598,20.510000228881836,19.704999923706055,
2125.6,7.25,18.899999618530273,9.068747520446777,20.510000228881836,19.704999923706055,
2127.6,7.25,18.899999618530273,9.068809509277344,20.510000228881836,19.704999923706055,
2129.6,7.25,18.899999618530273,9.068487167358398,20.510000228881836,19.704999923706055,
2131.6,7.25,18.899999618530273,9.068349838256836,20.510000228881836,19.704999923706055,
2133.6,7.25,18.899999618530273,9.068212509155273,20.510000228881836,19.704999923706055,
2135.6,7.25,18.899999618530273,9.068075180053711,20.510000228881836,19.704999923706055,
2137.6,7.25,18.899999618530273,9.06804084777832,20.510000228881836,19.704999923706055,
2139.6,7.25,18.899999618530273,9.06791877746582,20.510000228881836,19.704999923706055,
2141.6,7.25,18.899999618530273,9.067741394042969,20.510000228881836,19.704999923706055,
2143.6,7.25,18.899999618530273,9.06752872467041,20.510000228881836,19.704999923706055,
2145.6,7.25,18.899999618530273,9.067224502563477,20.510000228881836,19.704999923706055,
2147.6,7.25,18.899999618530273,9.06668758392334,20.510000228881836,19.704999923706055,
2149.6,7.25,18.899999618530273,9.066797256469727,20.510000228881836,19.704999923706055,
2151.6,7.25,18.899999618530273,9.067124366760254,20.510000228881836,19.704999923706055,
2153.6,7.25,18.899999618530273,9.067704200744629,20.510000228881836,19.704999923706055,
2155.6,7.25,18.899999618530273,9.068281173706055,20.510000228881836,19.704999923706055,
2157.6,7.25,18.899999618530273,9.068306922912598,20.510000228881836,19.704999923706055,
2159.6,7.25,18.899999618530273,9.068195343017578,20.510000228881836,19.704999923706055,
2161.6,7.25,18.899999618530273,9.067719459533691,20.510000228881836,19.704999923706055,
2163.6,7.25,18.899999618530273,9.066855430603027,20.510000228881836,19.704999923706055,
2165.6,7.25,18.899999618530273,9.064652442932129,20.510000228881836,19.704999923706055,
2167.6,7.25,18.899999618530273,9.063861846923828,20.510000228881836,19.704999923706055,
2169.6,7.25,18.899999618530273,9.063244819641113,20.510000228881836,19.704999923706055,
2171.6,7.25,18.899999618530273,9.061877250671387,20.510000228881836,19.704999923706055,
2173.6,7.25,18.899999618530273,9.056190490722656,20.510000228881836,19.704999923706055,
2175.6,7.25,18.899999618530273,9.053336143493652,20.510000228881836,19.704999923706055,
2177.6,7.25,18.899999618530273,9.051225662231445,20.510000228881836,19.704999923706055,
2179.6,7.25,18.899999618530273,9.050126075744629,20.510000228881836,19.704999923706055,
2181.6,7.25,18.899999618530273,9.050969123840332,20.510000228881836,19.704999923706055,
2183.6,7.25,18.899999618530273,9.053173065185547,20.510000228881836,19.704999923706055,
2185.6,7.25,18.899999618530273,9.056168556213379,20.510000228881836,19.704999923706055,
2187.6,7.25,18.899999618530273,9.058404922485352,20.510000228881836,19.704999923706055,
2189.6,7.25,18.899999618530273,9.059552192687988,20.510000228881836,19.704999923706055,
2191.6,7.25,18.899999618530273,9.057610511779785,20.510000228881836,19.704999923706055,
2193.6,7.25,18.899999618530273,9.05610466003418,20.510000228881836,19.704999923706055,
2195.6,7.25,18.899999618530273,9.054887771606445,20.510000228881836,19.704999923706055,
2197.6,7.25,18.899999618530273,9.054140090942383,20.510000228881836,19.704999923706055,
2199.6,7.25,18.899999618530273,9.054464340209961,20.510000228881836,19.704999923706055,
2201.6,7.25,18.899999618530273,9.055804252624512,20.510000228881836,19.704999923706055,
2203.6,7.25,18.899999618530273,9.057334899902344,20.510000228881836,19.704999923706055,
2205.6,7.25,18.899999618530273,9.05876350402832,20.510000228881836,19.704999923706055,
2207.6,7.25,18.899999618530273,9.060530662536621,20.510000228881836,19.704999923706055,
2209.6,7.25,18.899999618530273,9.06143856048584,20.510000228881836,19.704999923706055,
2211.6,7.25,18.899999618530273,9.062467575073242,20.510000228881836,19.704999923706055,
2213.6,7.25,18.899999618530273,9.063634872436523,20.510000228881836,19.704999923706055,
2215.6,7.25,18.899999618530273,9.065088272094727,20.510000228881836,19.704999923706055,
2217.6,7.25,18.899999618530273,9.06837272644043,20.510000228881836,19.704999923706055,
2219.6,7.25,18.899999618530273,9.070055961608887,20.510000228881836,19.704999923706055,
2221.6,7.25,18.899999618530273,9.071459770202637,20.510000228881836,19.704999923706055,
2223.6,7.25,18.899999618530273,9.072474479675293,20.510000228881836,19.704999923706055,
2225.6,7.25,18.899999618530273,9.072778701782227,20.510000228881836,19.704999923706055,
2227.6,7.25,18.899999618530273,9.072322845458984,20.510000228881836,19.704999923706055,
2229.6,7.25,18.899999618530273,9.071854591369629,20.510000228881836,19.704999923706055,
2231.6,7.25,18.899999618530273,9.071386337280273,20.510000228881836,19.704999923706055,
2233.6,7.25,18.899999618530273,9.070449829101562,20.510000228881836,19.704999923706055,
2235.6,7.25,18.899999618530273,9.069784164428711,20.510000228881836,19.704999923706055,
2237.6,7.25,18.899999618530273,9.068984031677246,20.510000228881836,19.704999923706055,
2239.6,7.25,18.899999618530273,9.068190574645996,20.510000228881836,19.704999923706055,
2241.6,7.25,18.899999618530273,9.067281723022461,20.510000228881836,19.704999923706055,
2243.6,7.25,18.899999618530273,9.065534591674805,20.510000228881836,19.704999923706055,
2245.6,7.25,18.899999618530273,9.064360618591309,20.510000228881836,19.704999923706055,
2247.6,7.25,18.899999618530273,9.063488960266113,20.510000228881836,19.704999923706055,
2249.6,7.25,18.899999618530273,9.062901496887207,20.510000228881836,19.704999923706055,
2251.6,7.25,18.899999618530273,9.061712265014648,20.510000228881836,19.704999923706055,
2253.6,7.25,18.899999618530273,9.060011863708496,20.510000228881836,19.704999923706055,
2255.6,7.25,18.899999618530273,9.057661056518555,20.510000228881836,19.704999923706055,
2257.6,7.25,18.899999618530273,9.055277824401855,20.510000228881836,19.704999923706055,
2259.6,7.25,18.899999618530273,9.051023483276367,20.510000228881836,19.704999923706055,
2261.6,7.25,18.899999618530273,9.049206733703613,20.510000228881836,19.704999923706055,
2263.6,7.25,18.899999618530273,9.047918319702148,20.510000228881836,19.704999923706055,
2265.6,7.25,18.899999618530273,9.047463417053223,20.510000228881836,19.704999923706055,
2267.6,7.25,18.899999618530273,9.047821998596191,20.510000228881836,19.704999923706055,
2269.6,7.25,18.899999618530273,9.048812866210938,20.510000228881836,19.704999923706055,
2271.6,7.25,18.899999618530273,9.04936695098877,20.5,19.699999809265137,
2273.6,7.25,18.899999618530273,9.049551010131836,20.5,19.699999809265137,
2275.6,7.25,18.899999618530273,9.049595832824707,20.5,19.699999809265137,
2277.6,7.25,18.899999618530273,9.050005912780762,20.5,19.699999809265137,
2279.6,7.25,18.899999618530273,9.050394058227539,20.5,19.699999809265137,
2281.6,7.25,18.899999618530273,9.05099868774414,20.5,19.699999809265137,
2283.6,7.25,18.899999618530273,9.051311492919922,20.5,19.699999809265137,
2285.6,7.25,18.899999618530273,9.052411079406738,20.5,19.699999809265137,
2287.6,7.25,18.899999618530273,9.052846908569336,20.5,19.699999809265137,
2289.6,7.25,18.899999618530273,9.054544448852539,20.5,19.699999809265137,
2291.6,7.25,18.899999618530273,9.057470321655273,20.5,19.699999809265137,
2293.6,7.25,18.899999618530273,9.061628341674805,20.5,19.699999809265137,
2295.6,7.25,18.899999618530273,9.072562217712402,20.5,19.699999809265137,
2297.6,7.25,18.899999618530273,9.078041076660156,20.5,19.699999809265137,
2299.6,7.25,18.899999618530273,9.083611488342285,20.5,19.699999809265137,
2301.6,7.25,18.899999618530273,9.087786674499512,20.5,19.699999809265137,
2303.6,7.25,18.899999618530273,9.091833114624023,20.5,19.699999809265137,
2305.6,7.25,18.899999618530273,9.09170150756836,20.5,19.699999809265137,
2307.6,7.25,18.899999618530273,9.091435432434082,20.5,19.699999809265137,
2309.6,7.25,18.899999618530273,9.091012001037598,20.5,19.699999809265137,
2311.6,7.25,18.899999618530273,9.090100288391113,20.5,19.699999809265137,
2313.6,7.239999771118164,18.899999618530273,9.08974552154541,20.5,19.699999809265137,
2315.6,7.150000095367432,18.899999618530273,9.089437484741211,20.5,19.699999809265137,
2317.6,7.059999942779541,18.899999618530273,9.0888032913208,20.5,19.699999809265137,
2319.6,7.019999980926514,18.899999618530273,9.087847709655762,20.5,19.699999809265137,
2321.6,7.0,18.899999618530273,9.085112571716309,20.5,19.699999809265137,
2323.6,7.0,18.899999618530273,9.083381652832031,20.5,19.699999809265137,
2325.6,6.989999771118164,18.899999618530273,9.081478118896484,20.5,19.699999809265137,
2327.6,6.989999771118164,18.899999618530273,9.079413414001465,20.5,19.699999809265137,
2329.6,6.989999771118164,18.899999618530273,9.076476097106934,20.5,19.699999809265137,
2331.6,7.0,18.899999618530273,9.07580280303955,20.5,19.699999809265137,
2333.6,7.0,18.899999618530273,9.0755033493042,20.5,19.699999809265137,
2335.6,6.989999771118164,18.899999618530273,9.075109481811523,20.5,19.699999809265137,
2337.6,6.989999771118164,18.899999618530273,9.074045181274414,20.5,19.699999809265137,
2339.6,6.989999771118164,18.899999618530273,9.07327651977539,20.5,19.699999809265137,
2341.6,7.0,18.899999618530273,9.072890281677246,20.5,19.699999809265137,
2343.6,7.010000228881836,18.899999618530273,9.072775840759277,20.5,19.699999809265137,
2345.6,7.010000228881836,18.899999618530273,9.073049545288086,20.5,19.699999809265137,
2347.6,7.019999980926514,18.899999618530273,9.075794219970703,20.5,19.699999809265137,
2349.6,7.03000020980835,19.0,9.077674865722656,20.5,19.75,
2351.6,7.03000020980835,19.0,9.079730033874512,20.5,19.75,
2353.6,7.039999961853027,19.0,9.081402778625488,20.5,19.75,
2355.6,7.039999961853027,19.0,9.08446979522705,20.5,19.75,
2357.6,7.050000190734863,19.0,9.085858345031738,20.5,19.75,
2359.6,7.050000190734863,19.0,9.087528228759766,20.5,19.75,
2361.6,7.059999942779541,19.0,9.08922004699707,20.5,19.75,
2363.6,7.059999942779541,19.0,9.092679977416992,20.5,19.75,
2365.6,7.070000171661377,19.0,9.093984603881836,20.5,19.75,
2367.6,7.070000171661377,19.0,9.094792366027832,20.5,19.75,
2369.6,7.079999923706055,19.0,9.095189094543457,20.5,19.75,
2371.6,7.090000152587891,19.0,9.095144271850586,20.5,19.75,
2373.6,7.099999904632568,19.0,9.095817565917969,20.5,19.75,
2375.6,6.980000019073486,19.0,9.096726417541504,20.5,19.75,
2377.6,6.949999809265137,19.0,9.098165512084961,20.5,19.75,
2379.6,8.619999885559082,19.0,9.099644660949707,20.5,19.75,
2381.6,7.03000020980835,19.0,9.103226661682129,20.5,19.75,
2383.6,7.03000020980835,19.0,9.104783058166504,20.5,19.75,
2385.6,7.039999961853027,19.0,9.105961799621582,20.5,19.75,
2387.6,7.050000190734863,19.0,9.106350898742676,20.5,19.75,
2389.6,7.059999942779541,19.0,9.105904579162598,20.5,19.75,
2391.6,7.070000171661377,19.0,9.095574378967285,20.5,19.75,
2393.6,7.070000171661377,19.100000381469727,9.085615158081055,20.5,19.800000190734863,
2395.6,7.079999923706055,19.100000381469727,9.075654983520508,20.5,19.800000190734863,
2397.6,7.079999923706055,19.100000381469727,9.065694808959961,20.5,19.800000190734863,
2399.6,7.079999923706055,19.100000381469727,9.017335891723633,20.5,19.800000190734863,
2401.6,7.090000152587891,19.100000381469727,8.979089736938477,20.5,19.800000190734863,
2403.6,7.090000152587891,19.100000381469727,8.950165748596191,20.5,19.800000190734863,
2405.6,7.090000152587891,19.100000381469727,8.920964241027832,20.5,19.800000190734863,
2407.6,7.090000152587891,19.100000381469727,8.872027397155762,20.5,19.800000190734863,
2409.6,7.090000152587891,19.100000381469727,8.871962547302246,20.5,19.800000190734863,
2411.6,7.090000152587891,19.100000381469727,8.89167594909668,20.5,19.800000190734863,
2413.6,7.090000152587891,19.100000381469727,8.931396484375,20.5,19.800000190734863,
2415.6,7.090000152587891,19.100000381469727,9.010469436645508,20.5,19.800000190734863,
2417.6,7.090000152587891,19.100000381469727,9.049324035644531,20.5,19.800000190734863,
2419.6,7.090000152587891,19.100000381469727,9.07890510559082,20.5,19.800000190734863,
2421.6,7.099999904632568,19.100000381469727,9.098791122436523,20.5,19.800000190734863,
2423.6,7.099999904632568,19.100000381469727,9.108792304992676,20.5,19.800000190734863,
2425.6,7.099999904632568,19.100000381469727,9.108662605285645,20.5,19.800000190734863,
2427.6,7.099999904632568,19.100000381469727,9.109084129333496,20.5,19.800000190734863,
2429.6,7.099999904632568,19.100000381469727,9.110006332397461,20.5,19.800000190734863,
2431.6,7.099999904632568,19.100000381469727,9.110398292541504,20.5,19.800000190734863,
2433.6,7.099999904632568,19.100000381469727,9.110608100891113,20.5,19.800000190734863,
2435.6,7.099999904632568,19.100000381469727,9.110366821289062,20.5,19.800000190734863,
2437.6,7.099999904632568,19.100000381469727,9.110297203063965,20.5,19.800000190734863,
2439.6,7.099999904632568,19.100000381469727,9.110318183898926,20.5,19.800000190734863,
2441.6,7.099999904632568,19.100000381469727,9.110913276672363,20.5,19.800000190734863,
2443.6,7.099999904632568,19.100000381469727,9.11137866973877,20.5,19.800000190734863,
2445.6,7.099999904632568,19.100000381469727,9.111844062805176,20.5,19.800000190734863,
2447.6,7.099999904632568,19.100000381469727,9.111869812011719,20.5,19.800000190734863,
2449.6,7.099999904632568,19.100000381469727,9.111010551452637,20.5,19.800000190734863,
2451.6,7.099999904632568,19.100000381469727,9.106724739074707,20.5,19.800000190734863,
2453.6,7.099999904632568,19.100000381469727,9.104222297668457,20.5,19.800000190734863,
2455.6,7.099999904632568,19.100000381469727,9.101524353027344,20.5,19.800000190734863,
2457.6,7.099999904632568,19.200000762939453,9.09880542755127,20.5,19.850000381469727,
2459.6,7.099999904632568,19.200000762939453,9.095833778381348,20.489999771118164,19.84500026702881,
2461.6,7.099999904632568,19.200000762939453,9.09554672241211,20.489999771118164,19.84500026702881,
2463.6,7.099999904632568,19.200000762939453,9.095060348510742,20.489999771118164,19.84500026702881,
2465.6,7.099999904632568,19.200000762939453,9.094036102294922,20.489999771118164,19.84500026702881,
2467.6,7.099999904632568,19.200000762939453,9.091477394104004,20.489999771118164,19.84500026702881,
2469.6,7.099999904632568,19.200000762939453,9.089865684509277,20.489999771118164,19.84500026702881,
2471.6,7.099999904632568,19.200000762939453,9.088573455810547,20.489999771118164,19.84500026702881,
2473.6,7.099999904632568,19.200000762939453,9.087823867797852,20.489999771118164,19.84500026702881,
2475.6,7.099999904632568,19.200000762939453,9.08838939666748,20.489999771118164,19.84500026702881,
2477.6,7.099999904632568,19.200000762939453,9.090998649597168,20.489999771118164,19.84500026702881,
2479.6,7.099999904632568,19.200000762939453,9.092554092407227,20.489999771118164,19.84500026702881,
2481.6,7.099999904632568,19.200000762939453,9.093676567077637,20.489999771118164,19.84500026702881,
2483.6,7.099999904632568,19.200000762939453,9.094480514526367,20.489999771118164,19.84500026702881,
2485.6,7.099999904632568,19.200000762939453,9.094590187072754,20.489999771118164,19.84500026702881,
2487.6,7.099999904632568,19.200000762939453,9.094740867614746,20.489999771118164,19.84500026702881,
2489.6,7.090000152587891,19.200000762939453,9.095483779907227,20.489999771118164,19.84500026702881,
2491.6,7.090000152587891,19.200000762939453,9.09685230255127,20.489999771118164,19.84500026702881,
2493.6,7.090000152587891,19.200000762939453,9.101511001586914,20.489999771118164,19.84500026702881,
2495.6,7.090000152587891,19.200000762939453,9.104084968566895,20.489999771118164,19.84500026702881,
2497.6,7.090000152587891,19.200000762939453,9.106535911560059,20.489999771118164,19.84500026702881,
2499.6,7.090000152587891,19.200000762939453,9.108647346496582,20.489999771118164,19.84500026702881,
2501.6,7.090000152587891,19.200000762939453,9.110455513000488,20.489999771118164,19.84500026702881,
2503.6,7.090000152587891,19.200000762939453,9.113261222839355,20.489999771118164,19.84500026702881,
2505.6,7.090000152587891,19.200000762939453,9.114082336425781,20.489999771118164,19.84500026702881,
2507.6,7.079999923706055,19.200000762939453,9.114903450012207,20.489999771118164,19.84500026702881,
2509.6,7.079999923706055,19.200000762939453,9.115723609924316,20.489999771118164,19.84500026702881,
2511.6,7.079999923706055,19.200000762939453,9.1163969039917,20.489999771118164,19.84500026702881,
2513.6,7.079999923706055,19.200000762939453,9.115422248840332,20.489999771118164,19.84500026702881,
2515.6,7.079999923706055,19.200000762939453,9.113361358642578,20.489999771118164,19.84500026702881,
2517.6,7.079999923706055,19.200000762939453,9.111246109008789,20.489999771118164,19.84500026702881,
2519.6,7.079999923706055,19.200000762939453,9.10698127746582,20.489999771118164,19.84500026702881,
2521.6,7.079999923706055,19.200000762939453,9.10507869720459,20.489999771118164,19.84500026702881,
2523.6,7.079999923706055,19.200000762939453,9.104119300842285,20.489999771118164,19.84500026702881,
2525.6,7.079999923706055,19.200000762939453,9.104018211364746,20.489999771118164,19.84500026702881,
2527.6,7.079999923706055,19.200000762939453,9.104451179504395,20.489999771118164,19.84500026702881,
2529.6,7.070000171661377,19.200000762939453,9.105276107788086,20.489999771118164,19.84500026702881,
2531.6,7.070000171661377,19.200000762939453,9.105634689331055,20.489999771118164,19.84500026702881,
2533.6,7.070000171661377,19.200000762939453,9.105900764465332,20.489999771118164,19.84500026702881,
2535.6,7.070000171661377,19.200000762939453,9.106036186218262,20.489999771118164,19.84500026702881,
2537.6,7.070000171661377,19.200000762939453,9.106677055358887,20.489999771118164,19.84500026702881,
2539.6,7.070000171661377,19.200000762939453,9.107270240783691,20.489999771118164,19.84500026702881,
2541.6,7.070000171661377,19.200000762939453,9.10786247253418,20.489999771118164,19.84500026702881,
2543.6,7.070000171661377,19.200000762939453,9.108556747436523,20.489999771118164,19.84500026702881,
2545.6,7.070000171661377,19.200000762939453,9.109131813049316,20.489999771118164,19.84500026702881,
2547.6,7.079999923706055,19.200000762939453,9.108773231506348,20.489999771118164,19.84500026702881,
2549.6,7.090000152587891,19.200000762939453,9.107832908630371,20.489999771118164,19.84500026702881,
2551.6,7.059999942779541,19.200000762939453,9.106648445129395,20.489999771118164,19.84500026702881,
2553.6,7.039999961853027,19.200000762939453,9.105642318725586,20.489999771118164,19.84500026702881,
2555.6,7.019999980926514,19.200000762939453,9.103434562683105,20.489999771118164,19.84500026702881,
2557.6,7.010000228881836,19.200000762939453,9.102666854858398,20.489999771118164,19.84500026702881,
2559.6,7.0,19.200000762939453,9.102173805236816,20.489999771118164,19.84500026702881,
2561.6,7.0,19.200000762939453,9.101351737976074,20.489999771118164,19.84500026702881,
2563.6,6.989999771118164,19.200000762939453,9.097524642944336,20.489999771118164,19.84500026702881,
2565.6,6.989999771118164,19.200000762939453,9.094560623168945,20.489999771118164,19.84500026702881,
2567.6,6.989999771118164,19.200000762939453,9.091241836547852,20.489999771118164,19.84500026702881,
2569.6,6.989999771118164,19.200000762939453,9.087919235229492,20.489999771118164,19.84500026702881,
2571.6,6.989999771118164,19.200000762939453,9.08183765411377,20.489999771118164,19.84500026702881,
2573.6,6.989999771118164,19.200000762939453,9.079886436462402,20.489999771118164,19.84500026702881,
2575.6,6.989999771118164,19.200000762939453,9.078960418701172,20.489999771118164,19.84500026702881,
2577.6,6.989999771118164,19.200000762939453,9.077628135681152,20.489999771118164,19.84500026702881,
2579.6,6.980000019073486,19.200000762939453,9.076038360595703,20.489999771118164,19.84500026702881,
2581.6,6.980000019073486,19.200000762939453,9.071537971496582,20.489999771118164,19.84500026702881,
2583.6,6.980000019073486,19.200000762939453,9.069100379943848,20.489999771118164,19.84500026702881,
2585.6,6.980000019073486,19.200000762939453,9.066873550415039,20.489999771118164,19.84500026702881,
2587.6,6.980000019073486,19.200000762939453,9.06525993347168,20.489999771118164,19.84500026702881,
2589.6,6.980000019073486,19.200000762939453,9.06612491607666,20.489999771118164,19.84500026702881,
2591.6,6.980000019073486,19.200000762939453,9.068255424499512,20.489999771118164,19.84500026702881,
2593.6,6.980000019073486,19.200000762939453,9.07092571258545,20.489999771118164,19.84500026702881,
2595.6,6.96999979019165,19.299999237060547,9.073549270629883,20.489999771118164,19.894999504089355,
2597.6,6.96999979019165,19.299999237060547,9.078042984008789,20.489999771118164,19.894999504089355,
2599.6,6.96999979019165,19.299999237060547,9.080351829528809,20.489999771118164,19.894999504089355,
2601.6,6.96999979019165,19.299999237060547,9.0829496383667,20.489999771118164,19.894999504089355,
2603.6,6.96999979019165,19.299999237060547,9.085967063903809,20.489999771118164,19.894999504089355,
2605.6,6.96999979019165,19.299999237060547,9.08935832977295,20.489999771118164,19.894999504089355,
2607.6,6.960000038146973,19.299999237060547,9.09614086151123,20.489999771118164,19.894999504089355,
2609.6,6.960000038146973,19.299999237060547,9.099113464355469,20.489999771118164,19.894999504089355,
2611.6,6.960000038146973,19.299999237060547,9.101224899291992,20.489999771118164,19.894999504089355,
2613.6,6.960000038146973,19.299999237060547,9.10228157043457,20.489999771118164,19.894999504089355,
2615.6,6.960000038146973,19.299999237060547,9.10197925567627,20.489999771118164,19.894999504089355,
2617.6,6.960000038146973,19.299999237060547,9.101865768432617,20.489999771118164,19.894999504089355,
2619.6,6.960000038146973,19.299999237060547,9.102103233337402,20.489999771118164,19.894999504089355,
2621.6,6.960000038146973,19.299999237060547,9.102478981018066,20.489999771118164,19.894999504089355,
2623.6,6.960000038146973,19.299999237060547,9.1035795211792,20.489999771118164,19.894999504089355,
2625.6,6.960000038146973,19.299999237060547,9.103715896606445,20.489999771118164,19.894999504089355,
2627.6,6.960000038146973,19.299999237060547,9.10304069519043,20.489999771118164,19.894999504089355,
2629.6,6.960000038146973,19.299999237060547,9.101751327514648,20.489999771118164,19.894999504089355,
2631.6,6.949999809265137,19.299999237060547,9.09975528717041,20.489999771118164,19.894999504089355,
2633.6,6.949999809265137,19.299999237060547,9.094988822937012,20.489999771118164,19.894999504089355,
2635.6,6.949999809265137,19.299999237060547,9.093832969665527,20.479999542236328,19.889999389648438,
2637.6,6.949999809265137,19.299999237060547,9.093289375305176,20.489999771118164,19.894999504089355,
2639.6,6.949999809265137,19.299999237060547,9.093823432922363,20.489999771118164,19.894999504089355,
2641.6,6.949999809265137,19.299999237060547,9.096784591674805,20.489999771118164,19.894999504089355,
2643.6,6.940000057220459,19.299999237060547,9.098780632019043,20.489999771118164,19.894999504089355,
2645.6,6.940000057220459,19.299999237060547,9.100637435913086,20.489999771118164,19.894999504089355,
2647.6,6.940000057220459,19.299999237060547,9.101033210754395,20.489999771118164,19.894999504089355,
2649.6,6.940000057220459,19.299999237060547,9.100488662719727,20.489999771118164,19.894999504089355,
2651.6,6.940000057220459,19.299999237060547,9.09941577911377,20.489999771118164,19.894999504089355,
2653.6,6.940000057220459,19.299999237060547,9.098487854003906,20.489999771118164,19.894999504089355,
2655.6,6.929999828338623,19.299999237060547,9.097559928894043,20.489999771118164,19.894999504089355,
2657.6,6.929999828338623,19.299999237060547,9.096783638000488,20.489999771118164,19.894999504089355,
2659.6,6.929999828338623,19.299999237060547,9.094408988952637,20.489999771118164,19.894999504089355,
2661.6,6.929999828338623,19.299999237060547,9.093335151672363,20.479999542236328,19.889999389648438,
2663.6,6.929999828338623,19.299999237060547,9.091935157775879,20.479999542236328,19.889999389648438,
2665.6,6.929999828338623,19.299999237060547,9.090034484863281,20.479999542236328,19.889999389648438,
2667.6,6.929999828338623,19.299999237060547,9.086597442626953,20.479999542236328,19.889999389648438,
2669.6,6.929999828338623,19.299999237060547,9.085707664489746,20.479999542236328,19.889999389648438,
2671.6,6.929999828338623,19.299999237060547,9.085829734802246,20.479999542236328,19.889999389648438,
2673.6,6.929999828338623,19.299999237060547,9.086629867553711,20.479999542236328,19.889999389648438,
2675.6,6.929999828338623,19.299999237060547,9.089662551879883,20.479999542236328,19.889999389648438,
2677.6,6.929999828338623,19.299999237060547,9.091176986694336,20.479999542236328,19.889999389648438,
2679.6,6.929999828338623,19.299999237060547,9.092846870422363,20.479999542236328,19.889999389648438,
2681.6,6.929999828338623,19.299999237060547,9.094736099243164,20.479999542236328,19.889999389648438,
2683.6,6.929999828338623,19.299999237060547,9.09693717956543,20.479999542236328,19.889999389648438,
2685.6,6.929999828338623,19.299999237060547,9.101191520690918,20.479999542236328,19.889999389648438,
2687.6,6.929999828338623,19.299999237060547,9.10331916809082,20.479999542236328,19.889999389648438,
2689.6,6.929999828338623,19.299999237060547,9.105446815490723,20.479999542236328,19.889999389648438,
2691.6,6.929999828338623,19.299999237060547,9.10706615447998,20.479999542236328,19.889999389648438,
2693.6,6.929999828338623,19.299999237060547,9.106797218322754,20.479999542236328,19.889999389648438,
2695.6,6.929999828338623,19.299999237060547,9.105072021484375,20.479999542236328,19.889999389648438,
2697.6,6.929999828338623,19.299999237060547,9.103206634521484,20.479999542236328,19.889999389648438,
2699.6,6.929999828338623,19.299999237060547,9.101431846618652,20.479999542236328,19.889999389648438,
2701.6,6.920000076293945,19.299999237060547,9.098780632019043,20.479999542236328,19.889999389648438,
2703.6,6.920000076293945,19.299999237060547,9.098347663879395,20.479999542236328,19.889999389648438,
2705.6,6.920000076293945,19.299999237060547,9.098288536071777,20.479999542236328,19.889999389648438,
2707.6,6.920000076293945,19.299999237060547,9.098502159118652,20.479999542236328,19.889999389648438,
2709.6,6.920000076293945,19.299999237060547,9.098855972290039,20.479999542236328,19.889999389648438,
2711.6,6.920000076293945,19.299999237060547,9.099130630493164,20.479999542236328,19.889999389648438,
2713.6,6.920000076293945,19.299999237060547,9.098959922790527,20.479999542236328,19.889999389648438,
2715.6,6.920000076293945,19.299999237060547,9.098837852478027,20.479999542236328,19.889999389648438,
2717.6,6.920000076293945,19.299999237060547,9.098694801330566,20.479999542236328,19.889999389648438,
2719.6,6.920000076293945,19.299999237060547,9.09870433807373,20.479999542236328,19.889999389648438,
2721.6,6.920000076293945,19.299999237060547,9.098867416381836,20.479999542236328,19.889999389648438,
2723.6,6.920000076293945,19.299999237060547,9.099093437194824,20.479999542236328,19.889999389648438,
2725.6,6.920000076293945,19.299999237060547,9.099344253540039,20.479999542236328,19.889999389648438,
2727.6,6.920000076293945,19.299999237060547,9.099791526794434,20.479999542236328,19.889999389648438,
2729.6,6.920000076293945,19.299999237060547,9.100091934204102,20.479999542236328,19.889999389648438,
2731.6,6.920000076293945,19.299999237060547,9.100577354431152,20.479999542236328,19.889999389648438,
2733.6,6.920000076293945,19.299999237060547,9.101181030273438,20.479999542236328,19.889999389648438,
2735.6,6.929999828338623,19.299999237060547,9.101872444152832,20.479999542236328,19.889999389648438,
2737.6,6.869999885559082,19.299999237060547,9.103348731994629,20.479999542236328,19.889999389648438,
2739.6,6.809999942779541,19.299999237060547,9.10404109954834,20.479999542236328,19.889999389648438,
2741.6,6.860000133514404,19.299999237060547,9.104588508605957,20.479999542236328,19.889999389648438,
2743.6,6.880000114440918,19.299999237060547,9.104840278625488,20.479999542236328,19.889999389648438,
2745.6,6.900000095367432,19.299999237060547,9.104470252990723,20.479999542236328,19.889999389648438,
2747.6,6.900000095367432,19.299999237060547,9.103928565979004,20.479999542236328,19.889999389648438,
2749.6,6.909999847412109,19.299999237060547,9.102204322814941,20.479999542236328,19.889999389648438,
2751.6,6.909999847412109,19.299999237060547,9.100481033325195,20.479999542236328,19.889999389648438,
2753.6,6.909999847412109,19.299999237060547,9.097145080566406,20.479999542236328,19.889999389648438,
2755.6,6.920000076293945,19.299999237060547,9.09203052520752,20.479999542236328,19.889999389648438,
2757.6,6.909999847412109,19.299999237060547,9.084182739257812,20.479999542236328,19.889999389648438,
2759.6,6.909999847412109,19.299999237060547,9.074799537658691,20.479999542236328,19.889999389648438,
2761.6,6.900000095367432,19.299999237060547,9.0660982131958,20.479999542236328,19.889999389648438,
2763.6,6.889999866485596,19.299999237060547,9.05145263671875,20.479999542236328,19.889999389648438,
2765.6,6.880000114440918,19.299999237060547,9.048498153686523,20.479999542236328,19.889999389648438,
2767.6,6.869999885559082,19.299999237060547,9.050949096679688,20.479999542236328,19.889999389648438,
2769.6,6.880000114440918,19.299999237060547,9.057835578918457,20.479999542236328,19.889999389648438,
2771.6,6.900000095367432,19.299999237060547,9.074841499328613,20.479999542236328,19.889999389648438,
2773.6,6.900000095367432,19.299999237060547,9.081215858459473,20.479999542236328,19.889999389648438,
2775.6,6.909999847412109,19.299999237060547,9.083979606628418,20.479999542236328,19.889999389648438,
2777.6,6.900000095367432,19.299999237060547,9.082324028015137,20.479999542236328,19.889999389648438,
2779.6,6.880000114440918,19.299999237060547,9.069401741027832,20.479999542236328,19.889999389648438,
2781.6,6.869999885559082,19.299999237060547,9.060545921325684,20.479999542236328,19.889999389648438,
2783.6,6.869999885559082,19.299999237060547,9.05256175994873,20.479999542236328,19.889999389648438,
2785.6,6.849999904632568,19.299999237060547,9.046131134033203,20.479999542236328,19.889999389648438,
2787.6,6.860000133514404,19.299999237060547,9.04133129119873,20.479999542236328,19.889999389648438,
2789.6,6.860000133514404,19.299999237060547,9.022302627563477,20.479999542236328,19.889999389648438,
2791.6,6.849999904632568,19.299999237060547,9.011366844177246,20.479999542236328,19.889999389648438,
2793.6,6.909999847412109,19.299999237060547,9.001222610473633,20.479999542236328,19.889999389648438,
2795.6,6.980000019073486,19.299999237060547,8.992549896240234,20.479999542236328,19.889999389648438,
2797.6,6.820000171661377,19.299999237060547,8.9822359085083,20.479999542236328,19.889999389648438,
2799.6,6.769999980926514,19.299999237060547,8.984848022460938,20.479999542236328,19.889999389648438,
